Top queries,Clicks,Impressions,CTR,Position
jean pierre weill,508,1246,40.77%,1
the well of being,193,2425,7.96%,3.2
jean-pierre weill,96,326,29.45%,1
jean pierre weill paintings,48,91,52.75%,1
the well of being book,44,532,8.27%,2.82
jean-pierre weill for sale,33,75,44%,1
jean pierre weill 3d painting on glass,29,50,58%,1.1
jean pierre weil,26,187,13.90%,3.24
borrow the well of being,22,95,23.16%,4.68
jean-pierre weill art,22,52,42.31%,1.02
3d glass painting,19,651,2.92%,4.12
3d painting,18,8756,0.21%,13.71
jean pierre weill art,18,32,56.25%,1
jean pierre artist,16,171,9.36%,1.13
jeanpierreweill,11,16,68.75%,1
3d painting on glass,10,152,6.58%,1.54
pierre weill,9,177,5.08%,4.77
well of being,9,120,7.50%,5.12
jean-pierre weill the well of being,9,90,10%,1.6
jean pierre painting,8,45,17.78%,1
jean-pierre weill 3d painting on glass,8,31,25.81%,1.06
jean pierre art,7,56,12.50%,1.21
paintings on glass,6,330,1.82%,5.23
jean pierre nude,6,147,4.08%,3.79
jean pierre naked,6,32,18.75%,7
glass paintings,5,1226,0.41%,10.43
3d glass art,5,433,1.15%,4.58
3d paintings,4,1599,0.25%,8.89
art on glass,4,503,0.80%,13.37
3d glass wall art,3,240,1.25%,27.83
jean weill,3,34,8.82%,22.32
jean-pierre weil,3,10,30%,3.4
glass art painting,2,1011,0.20%,10.62
3d art painting,2,618,0.32%,24.89
painted glass art,2,211,0.95%,6.82
3d painting artist,2,89,2.25%,5.76
3d painting website,2,59,3.39%,7.1
jean pierre painter,2,58,3.45%,3.29
3d painting glass,2,54,3.70%,3.31
the well.of being,2,46,4.35%,1.91
soul train art,2,32,6.25%,6.25
karine jean-pierre nude,2,20,10%,42.65
3d pet painting glass,2,11,18.18%,21.36
jean pierre,1,689,0.15%,41.79
the tenth man,1,602,0.17%,16.18
the kotel,1,308,0.32%,35.88
rachel's tomb,1,226,0.44%,24.31
3d paintings on glass,1,220,0.45%,1.1
10th man,1,165,0.61%,13.95
3d art,1,165,0.61%,70.7
jean-pierre,1,162,0.62%,43.38
dancing cranes,1,151,0.66%,13.85
evolve book,1,142,0.70%,12.78
picasso cafe painting,1,135,0.74%,3.24
glass art paintings,1,101,0.99%,6.96
3d layered glass art,1,97,1.03%,5.86
glass painting artist,1,94,1.06%,9.4
balloons over paris,1,93,1.08%,6.69
paris spring,1,68,1.47%,51.06
glass 3d painting,1,66,1.52%,3.18
glass 3d art,1,66,1.52%,4.85
paintings 3d,1,66,1.52%,16.8
3d glass paint,1,57,1.75%,6.18
italian pastel,1,52,1.92%,1.02
glass layer painting,1,50,2%,6.44
ballooning over paris,1,47,2.13%,7.04
3d glass art pictures,1,46,2.17%,4.5
the art of painting on glass,1,38,2.63%,9.45
3d painting artists,1,38,2.63%,11.29
kotel wall art,1,36,2.78%,9.39
paintings in glass,1,35,2.86%,7.89
3d painters,1,35,2.86%,11.49
white dove with olive branch,1,35,2.86%,17.91
the mirror by picasso,1,27,3.70%,9.11
jean-pierre nude,1,22,4.55%,3.55
layered glass paintings,1,20,5%,5.4
jerry garcia paintings,1,14,7.14%,26.93
paintings on glass for sale,1,13,7.69%,10.23
the well of being: a children's book for adults,1,13,7.69%,55.08
multi layered glass painting,1,12,8.33%,7.83
3d paintinf,1,9,11.11%,7
3d nature painting,1,6,16.67%,20.83
aleph beit,1,4,25%,35
glass painting artist near me,1,3,33.33%,10
karine jean-pierre nudes,1,3,33.33%,44.67
3d painting near me,1,2,50%,10
jean pierre weill ebay,1,2,50%,15.5
3d pating,1,1,100%,4
jerry garcia,0,3128,0%,4.87
glass painting,0,1118,0%,29.12
jitterbug,0,978,0%,51.07
dove with olive branch,0,632,0%,14.53
giraffe heart,0,619,0%,7.19
3d artwork,0,533,0%,40.63
petite grand,0,470,0%,23.16
3d glass,0,455,0%,15.86
kotel,0,422,0%,40.74
water yourself,0,411,0%,3.71
cafe picasso,0,403,0%,14.1
kotel painting,0,392,0%,11.72
3d painting art,0,380,0%,8.56
painting 3d,0,332,0%,60.55
london carousel,0,284,0%,21.18
herodium,0,280,0%,42.38
i'll take manhattan,0,254,0%,19.19
road runner painting,0,254,0%,26.25
on glass,0,244,0%,10.38
abstract kotel painting,0,213,0%,60.23
picasso cafe,0,212,0%,15.23
glass painting art,0,209,0%,38.56
city of peace,0,207,0%,13.91
forest avenue,0,199,0%,14.33
jitterbug dance,0,195,0%,61.71
tenth man,0,192,0%,14.78
painting on glass,0,190,0%,27.07
3d paintings on wall,0,180,0%,56.7
aleph,0,177,0%,1.06
3d art pictures,0,171,0%,23.28
glass artwork,0,158,0%,63.72
grand collection,0,155,0%,30.29
mazal,0,153,0%,42.76
the 10th man,0,152,0%,13.65
glass pictures for wall,0,150,0%,71.72
3d art website,0,143,0%,56.45
shape of my heart,0,141,0%,19.16
kotel art,0,140,0%,6.49
cafe des fleurs,0,138,0%,11.41
jerry garcia height,0,137,0%,12.33
picasso mirror,0,134,0%,7.23
3d picture glass,0,133,0%,74.89
aleph bet,0,127,0%,50.67
kotel paintings,0,125,0%,13.06
tree of life painting,0,124,0%,60.3
the tree of life art,0,124,0%,83.46
layered glass painting,0,123,0%,11.57
prints well,0,115,0%,6.29
hot air balloon paris,0,115,0%,43.43
red riding hood,0,107,0%,84.56
café picasso,0,104,0%,14.4
dove and olive branch,0,103,0%,28.93
dancing on the edge,0,103,0%,33.48
glass art wall art,0,103,0%,68.2
3d pictures in glass,0,101,0%,43.86
best 3d painting,0,100,0%,42.27
3d painting reviews,0,99,0%,10.19
3d arts,0,95,0%,73.18
paris in the spring,0,94,0%,58.5
air balloon paris,0,91,0%,32.14
book evolve,0,89,0%,11.66
nite cap,0,89,0%,15.17
tomb of rachel,0,89,0%,39.54
picasso mirror painting,0,88,0%,5.81
balloon over paris,0,88,0%,9.83
3 d painting,0,86,0%,11.76
jean painting,0,86,0%,13.57
dove olive branch,0,86,0%,32.76
painting of a glass,0,85,0%,36.94
weill,0,84,0%,32.36
rendezvous studios,0,82,0%,16.78
well painting,0,82,0%,20.26
art glass painting,0,82,0%,24.27
glass picture art,0,82,0%,81.41
beatles painting,0,80,0%,15.65
dove with branch,0,79,0%,34.08
layered glass art,0,78,0%,15.69
israel 10th man,0,77,0%,10.51
summer friends,0,77,0%,37.73
3d painter,0,77,0%,39.05
glass painting pictures,0,76,0%,22.08
painting of glass,0,75,0%,11.4
glass pictures 3d,0,74,0%,32.22
aleph beth,0,74,0%,34.34
fiddler on the roof painting,0,73,0%,10.63
mini collection,0,73,0%,32.26
j garcia,0,72,0%,17.75
jean-pierre harrison,0,70,0%,1
painting on the glass,0,70,0%,12
painting glass,0,70,0%,43.8
glass framed pictures,0,70,0%,89.99
bob marley height,0,69,0%,35.41
jazz painting,0,69,0%,75.72
the shape of my heart,0,67,0%,12.69
giraffe heart size,0,67,0%,17.24
jean pierre new york,0,66,0%,7.88
shape of my heart 2024,0,66,0%,21.83
3d art paintings,0,65,0%,14.8
3d art site,0,65,0%,35.32
3d painting on wall,0,65,0%,42.29
glass painter,0,64,0%,7.91
ballerinas painting,0,64,0%,13.67
glass art for wall,0,64,0%,43.81
3d art glass,0,63,0%,4.94
rachels tomb,0,63,0%,26.32
spring paris,0,63,0%,30.17
painting on glass art,0,62,0%,11.31
3d glass painting designs,0,61,0%,16.87
pierre coatings,0,61,0%,22.39
pierre jean,0,61,0%,39.56
3d light art,0,61,0%,51.49
painting with glass,0,60,0%,8.23
we'll take manhattan,0,60,0%,24.73
3d art painting on wall,0,60,0%,49
to bestow,0,59,0%,15.29
bookville,0,59,0%,22.76
balcony flowers,0,59,0%,26.05
pierre landing,0,59,0%,44.31
water myself,0,58,0%,6.71
western wall painting,0,58,0%,19.02
jitterbugging,0,58,0%,47.97
promenade studios,0,57,0%,60.98
3d paintings on walls,0,56,0%,71.54
evolve books,0,55,0%,12.22
tree of life art,0,54,0%,79.8
wall art glass pictures,0,54,0%,86.41
girl before a mirror,0,53,0%,1
3 d paintings,0,53,0%,12.89
dove with an olive branch,0,53,0%,23.62
be well studios,0,52,0%,56.4
balloon bridge,0,52,0%,64.31
paintings of glass,0,51,0%,8.49
sailing to byzantium,0,51,0%,28.24
love making paintings,0,51,0%,60.25
glass painting artists,0,50,0%,7.82
paris in the the spring,0,50,0%,38.08
hot air balloons over paris,0,49,0%,10.51
look at this painting this painting was created by,0,49,0%,12.41
art 3d,0,49,0%,13.14
happy penguin,0,49,0%,28.84
glass art on wall,0,49,0%,66.16
paris in spring,0,49,0%,78.04
cafe les fleurs,0,48,0%,8.98
3d panting,0,48,0%,15.08
ill take manhattan,0,48,0%,17.27
olive branch dove,0,48,0%,29.62
3d glass artwork,0,47,0%,3.62
thekotel,0,47,0%,43.94
3-d art,0,46,0%,27.5
cave of machpelah,0,46,0%,41.93
glass print wall art,0,46,0%,80.2
3d glass sculpture,0,45,0%,6.89
cafe de fleurs,0,45,0%,21.76
jazz band painting,0,44,0%,12.61
cafe des fleurs paris,0,44,0%,14.2
balloon paris,0,44,0%,33.02
wall art on glass,0,44,0%,65.45
3d petite,0,43,0%,8.37
superhero m,0,43,0%,9.93
hot air balloon over paris,0,43,0%,13.79
alephbet,0,43,0%,41.56
glass art pictures,0,43,0%,43.7
pierre painting,0,42,0%,12.24
machpelah,0,42,0%,35.76
3 dimensional painting,0,40,0%,15.88
giraffes heart,0,40,0%,15.88
glass art 3d,0,39,0%,4.56
glass painting 3d,0,39,0%,5.05
art on glass painting,0,39,0%,8.9
jean pierre rovelas,0,39,0%,11.51
venice in love,0,39,0%,14.74
rahel türbesi,0,39,0%,15.69
paris morning,0,39,0%,23.05
3d art prints,0,39,0%,70.21
3d paintings for walls,0,39,0%,83.74
the mirror picasso,0,38,0%,4.45
stereoscopic painting,0,38,0%,7.05
the city of peace,0,38,0%,9.08
jitterbugs,0,38,0%,69.42
lev haolam shop,0,37,0%,17.27
picasso coffee,0,37,0%,32.95
jitter bug,0,37,0%,46.84
tree of life pictures art,0,37,0%,52.22
3-d painting,0,36,0%,12.03
small beatles,0,36,0%,12.61
weill paris,0,36,0%,12.75
café des fleurs,0,36,0%,16.75
3d art pieces,0,36,0%,17.86
paris balloon,0,36,0%,32
glass art wall,0,36,0%,44.22
paris hot air balloon,0,36,0%,44.47
spring in paris,0,36,0%,75.5
water based glass paint new york,0,35,0%,28.97
anniversary painting,0,35,0%,31.97
what is a jitterbug,0,35,0%,57.14
gerry garcia,0,34,0%,7.21
picasso café,0,34,0%,13.97
balloons in france,0,34,0%,36.41
dancing crane,0,34,0%,45.53
artist 3d painting,0,33,0%,5.94
treejean,0,33,0%,9.42
3-d paintings,0,33,0%,10.88
giraffe hearts,0,33,0%,33.67
glas artwork,0,33,0%,51
3d painting wall,0,33,0%,54.48
art wall glass,0,33,0%,68.82
studio art glass abstract woman,0,33,0%,70.21
unique art pieces,0,33,0%,81
watering yourself,0,32,0%,4.47
3d layered glass painting,0,32,0%,5.91
3d paiting,0,32,0%,6.56
mesorah,0,32,0%,34.44
the aleph bet,0,32,0%,51.06
pierre children's book,0,31,0%,16.45
paintings of ballerinas,0,31,0%,16.81
moonlight dance,0,31,0%,26.87
herod,0,30,0%,1.2
ruth painting,0,30,0%,9.53
m superhero,0,30,0%,9.63
painting of ruth,0,30,0%,9.7
polina fradkin,0,30,0%,10.7
rachel tomb,0,30,0%,30.97
cean,0,30,0%,32.57
john pierre,0,30,0%,37.77
riding hood red,0,30,0%,83.87
glass wall art pictures,0,30,0%,86.17
art painting on glass,0,29,0%,5.72
art 3d painting,0,29,0%,7.59
beatles song pastel,0,29,0%,8.83
jean paul painting,0,29,0%,9.55
happy anniversary painting,0,29,0%,9.83
on-glass,0,29,0%,10.07
gift paintings,0,29,0%,14.28
classique collection,0,29,0%,19.45
heart of giraffe,0,29,0%,26.07
jean art,0,29,0%,28.21
3d art wall painting,0,29,0%,40.59
the tree of life painting,0,29,0%,60.97
emet hebrew,0,28,0%,2.07
jitterbug dancers,0,28,0%,12.93
dove holding olive branch,0,28,0%,21.21
rachel's grave,0,28,0%,30.57
3d art painting images,0,28,0%,33.43
artwork 3d,0,28,0%,35.29
machpelah cave,0,28,0%,36.04
the well book,0,28,0%,63.25
olive branch painters,0,27,0%,44.48
tree of life paintings,0,27,0%,58.59
unique glass painting,0,27,0%,69.59
peace dove with olive branch,0,26,0%,17.42
bird with olive branch,0,26,0%,20.65
3d picture art,0,26,0%,42.81
pastel 316,0,25,0%,1
olive dove,0,25,0%,5.36
pierre paintings,0,25,0%,10.64
a dove with an olive branch,0,25,0%,12.56
glass paintings for sale,0,25,0%,13.28
vitreography,0,25,0%,18.52
pictures for glass painting,0,25,0%,38.44
i ll take manhattan,0,25,0%,40.32
artwork on glass,0,25,0%,47.44
aleph bet song,0,25,0%,54.6
abstract carousel,0,25,0%,67.48
time flies painting,0,24,0%,4.75
painting glass art,0,24,0%,6.46
painting art 3d,0,24,0%,8.54
جين بيير أنجليل,0,24,0%,9.75
look at this painting. this painting was created by:,0,24,0%,9.96
3 dimensional painting art,0,24,0%,12.92
three dimensional paintings,0,24,0%,22.08
cave machpelah,0,24,0%,43.54
dove and olive,0,24,0%,44.62
hot air balloon painting,0,24,0%,77.25
purple heart tree,0,24,0%,83.17
the tenth man israel,0,23,0%,12.13
my art of glass,0,23,0%,16.91
shape of my heart (2024),0,23,0%,20.83
glass portraits,0,23,0%,39.35
3d painting images,0,23,0%,63.22
3d art picture,0,23,0%,76.78
milk honey collection,0,23,0%,91.26
italian pastels,0,22,0%,1
artists who paint on glass,0,22,0%,5.18
watering myself meaning,0,22,0%,7.86
israeli 10th man,0,22,0%,10.59
picasso art cafe,0,22,0%,15.23
shape of my heart film,0,22,0%,17.45
safira coupons,0,22,0%,20.32
3d painting wall art,0,22,0%,22
nature's song,0,22,0%,28.86
glass back paint new york,0,22,0%,40.91
moonlight dance studio,0,22,0%,41.18
looking glass gifts and gallery,0,22,0%,55.68
3d arts pictures,0,22,0%,68.23
forest avenue design,0,22,0%,74.09
heart artwork,0,22,0%,80
jitterbug art,0,21,0%,2.62
medical superhero,0,21,0%,4.9
10th man israel,0,21,0%,11.19
jean pierre classique dry,0,21,0%,18
solvent based glass paint new york,0,21,0%,19.57
glass painting on glass,0,21,0%,30.29
3d canvases,0,21,0%,31.33
art glass by wells,0,21,0%,39.24
what is 3d painting,0,21,0%,41.95
wall 3d painting,0,21,0%,57.24
glass painting wall art,0,21,0%,59.52
3d pictures art,0,21,0%,64.14
tree of life artwork,0,21,0%,67.43
kotel drawing,0,20,0%,5.6
pablo picasso cafe,0,20,0%,14.05
giraffe's heart,0,20,0%,21.95
heart of a giraffe,0,20,0%,23.95
pierre albert winter,0,20,0%,24
3d paintings for sale,0,20,0%,26.45
jitterbug bug,0,20,0%,27.35
the kotel live,0,20,0%,31.7
glassware painting,0,20,0%,34.35
jean cafe,0,20,0%,36
cafe picasso menu,0,20,0%,40.15
artwork jeans,0,20,0%,41.3
the art of being well,0,20,0%,52.9
paint tree of life,0,20,0%,54.45
pierre the penguin,0,20,0%,59.5
tekoa israel,0,20,0%,68.7
3d art work painting,0,19,0%,4
art painting 3d,0,19,0%,6.74
happy anniversary artwork,0,19,0%,7.47
emet studios,0,19,0%,7.74
israel tenth man,0,19,0%,10.37
look at this painting this painting was created in,0,19,0%,12.05
summers friends,0,19,0%,13.79
cafe picasso reviews,0,19,0%,22.16
glas painting,0,19,0%,24.05
olive branch and dove,0,19,0%,24.47
shape of heart,0,19,0%,29.95
pierre loved gifts,0,19,0%,31.47
jitterburg,0,19,0%,40.42
3 dimensional paintings,0,19,0%,49.16
the fiddler painting,0,19,0%,58.68
3d artworks,0,19,0%,64.68
3d art images,0,19,0%,65
3d art for sale,0,19,0%,75.21
jean books,0,19,0%,81.89
glass for framed art,0,19,0%,89.84
water yourself art,0,18,0%,1
paintings that look 3d,0,18,0%,6.33
pastel beatles,0,18,0%,7.56
glass pane painting,0,18,0%,13.17
cafe picasso photos,0,18,0%,13.22
3d art shop,0,18,0%,14.61
pierre weil,0,18,0%,15.06
of my heart shape,0,18,0%,16.17
happypenguin,0,18,0%,16.56
pierre bear,0,18,0%,16.83
pierre artist,0,18,0%,31.28
3d glass pictures,0,18,0%,33.72
jean pierre ballet,0,18,0%,48.56
artwork glass,0,18,0%,62.22
glass art for the wall,0,18,0%,69.61
3d galleries,0,18,0%,85.11
art painted on glass,0,17,0%,4.06
weill.com,0,17,0%,4.82
giraffes making a heart,0,17,0%,6.59
water yourself meaning,0,17,0%,7.12
medic superhero,0,17,0%,8.53
look at this painting. this painting was created by,0,17,0%,9.47
3dpainting,0,17,0%,10.71
ballerinas paintings,0,17,0%,12.82
where is rachel's tomb,0,17,0%,14.88
g pierre painting,0,17,0%,15.35
flower balcony,0,17,0%,15.94
cafe jean pierre,0,17,0%,19.12
paintings by jerry garcia,0,17,0%,23.18
nature temple,0,17,0%,24.71
size of giraffe heart,0,17,0%,26.88
hot air balloon in paris,0,17,0%,39.29
summer friend,0,17,0%,40.24
hot air balloon ride paris,0,17,0%,41.71
tenth man rule,0,17,0%,48.12
3 d art,0,17,0%,49.24
3d pictures glass,0,17,0%,54.82
glass prints wall art,0,17,0%,54.82
10th man rule,0,17,0%,56.12
paintings of the tree of life,0,17,0%,56.76
what is the kotel,0,17,0%,89.18
pastel italy,0,16,0%,1
3d glass paintings,0,16,0%,3.62
buy glass paintings,0,16,0%,6.88
venice love,0,16,0%,9.25
3-d artwork,0,16,0%,9.5
buy 3d art,0,16,0%,9.69
jean pierre jazz,0,16,0%,10.94
onglass,0,16,0%,12.25
three d art paintings,0,16,0%,12.31
pierre glass,0,16,0%,13.94
jidder bug,0,16,0%,14.38
flowers on balcony,0,16,0%,26.5
balloon in paris,0,16,0%,27.75
3d painting for wall,0,16,0%,34.25
paintings of doves,0,16,0%,42.81
what is the jitterbug,0,16,0%,50.69
jerusalem prayer,0,16,0%,51.75
the jitterbug dance,0,16,0%,54.62
balloons paris,0,16,0%,55.81
jeanpierre,0,16,0%,56.25
tree of hearts picture,0,16,0%,61.62
konst jean,0,16,0%,69.12
glass on canvas art,0,16,0%,74.38
shipping framed art with glass,0,16,0%,74.44
dormael jean pierre,0,16,0%,85.88
watering yourself art,0,15,0%,1
cafe painting,0,15,0%,1.13
jean picasso,0,15,0%,5.33
water himself,0,15,0%,5.87
glass layer art,0,15,0%,7.4
beatles pastel,0,15,0%,9.27
caffe picasso,0,15,0%,10
milk and honey art,0,15,0%,10.13
white dove olive branch,0,15,0%,10.33
jean pierre paris,0,15,0%,10.67
jean pierre classique,0,15,0%,13
watering each other art,0,15,0%,17.8
the beatles painting,0,15,0%,21.53
3d artwork painting,0,15,0%,22.87
cafe jeanpierre,0,15,0%,23.73
how big is a giraffe's heart,0,15,0%,23.87
3d glas,0,15,0%,25.87
road runner artwork,0,15,0%,26.73
aleph-bet,0,15,0%,31.07
des fleurs,0,15,0%,37.07
moonlit studios,0,15,0%,42.93
cave of machpelah inside,0,15,0%,43.33
art by jerry garcia,0,15,0%,43.93
small glass painting,0,15,0%,44.53
3d visual art,0,15,0%,51.13
jerry garcia collection,0,15,0%,52.87
painting 3d art,0,15,0%,57.4
3d painting free,0,15,0%,58.93
the tenth man rule,0,15,0%,61.73
jerusalem prayer site,0,15,0%,66.47
peace jeans,0,15,0%,71.27
painting of tree of life,0,15,0%,78.27
wall glass box,0,15,0%,78.47
girraffe heart,0,14,0%,1.21
dove with olive branch painting,0,14,0%,2.86
cafe picaso,0,14,0%,8.07
drawings on glass,0,14,0%,8.14
giftcards,0,14,0%,10.36
weil art,0,14,0%,10.86
3d painting sculpture,0,14,0%,11.57
israel the 10th man,0,14,0%,11.86
the 10th man israel,0,14,0%,11.86
jean weil,0,14,0%,12.14
3d portraits in glass,0,14,0%,13.57
pierre flowers,0,14,0%,15.36
cafe fleurs,0,14,0%,16.21
ruth pierre,0,14,0%,16.5
pierre studio,0,14,0%,20.64
fleurs cafe,0,14,0%,21.86
rachel's tomb photos,0,14,0%,23.36
glass 3d,0,14,0%,30.29
3d paints,0,14,0%,34.21
art kaufen,0,14,0%,42.64
well art,0,14,0%,42.93
painting of a cafe,0,14,0%,46.93
mimal man,0,14,0%,51.07
glass painting pictures of nature,0,14,0%,55.86
jeanne pierre,0,14,0%,58.07
paris balloons,0,14,0%,58.14
jitterbugging dance,0,14,0%,62.79
painted glass wall art,0,14,0%,63.36
glass art prints,0,14,0%,73.36
painting tree of life,0,14,0%,78.79
bob marley glass,0,14,0%,87.93
glass picture wall art,0,14,0%,92.5
tree of life,0,14,0%,94.43
john jean pierre,0,13,0%,7.08
herod painting,0,13,0%,9.54
paul weill,0,13,0%,10.85
bird olive branch,0,13,0%,11.15
shape of my heart movie,0,13,0%,12.46
mysterious one,0,13,0%,13.85
well-reprinted,0,13,0%,14.15
3d crystal wall art,0,13,0%,15.62
balcony with flowers,0,13,0%,15.92
jean pier,0,13,0%,18.85
jean glass,0,13,0%,20.77
artwork by jerry garcia,0,13,0%,22.38
fiddler on the roof art,0,13,0%,28.23
pierre books,0,13,0%,29.38
wall glass painting,0,13,0%,29.85
3d art crystal,0,13,0%,30.38
rachel's tomb today,0,13,0%,30.46
doves with olive branch,0,13,0%,31.92
byzantium studios,0,13,0%,33.08
cafe de picasso,0,13,0%,35.38
painting in glass,0,13,0%,35.54
dancingontheedge,0,13,0%,36.23
john lennon tomb,0,13,0%,37.54
the grand collection,0,13,0%,42.15
jean paul painter,0,13,0%,42.54
jean pierre salle,0,13,0%,44.46
3d glass picture,0,13,0%,45.08
weill collection,0,13,0%,54.92
window painters,0,13,0%,56.69
moonlight dance song,0,13,0%,67.54
glass gallery wholesale,0,13,0%,67.62
3d picture in glass,0,13,0%,67.85
painting on glass picture frame,0,13,0%,77.38
3d framed art,0,13,0%,78.62
olive branch painting,0,13,0%,81.92
3d pictures for wall,0,13,0%,84.54
painter of ballerinas,0,12,0%,1.17
3d paint art,0,12,0%,6.42
look at this painting. this painting was created in,0,12,0%,12.08
famous 3d artwork,0,12,0%,14
dove with the olive branch,0,12,0%,14.75
the forest avenue,0,12,0%,15.83
jean pierre coiffure,0,12,0%,20.33
glas art,0,12,0%,21.75
safira coupon,0,12,0%,21.75
raining men painting,0,12,0%,21.83
lone oak tree,0,12,0%,23.25
take time to water yourself,0,12,0%,24.25
weill cafe,0,12,0%,26.5
inside rachel's tomb,0,12,0%,26.92
picasso's cafe,0,12,0%,27.5
artist jean,0,12,0%,28.58
open birdcage,0,12,0%,30
glass glass painting,0,12,0%,31.17
karine jean pierre nude,0,12,0%,43.92
we ll take manhattan,0,12,0%,45
koteł,0,12,0%,55.08
3d art pictures for wall,0,12,0%,58.58
western wall art,0,12,0%,64.42
grand pierre,0,12,0%,65
kotel picture,0,12,0%,72.33
petite collection,0,12,0%,73
famous 3d sculpture artists,0,12,0%,84.58
jean pierre querol,0,12,0%,87.92
glassfish artist,0,12,0%,91.67
go be gorgeous studio,0,12,0%,91.75
emet in hebrew,0,11,0%,1
watercolor cafe painting,0,11,0%,1.27
collection art 3d,0,11,0%,4.18
painting on glass artists,0,11,0%,7.27
king herod painting,0,11,0%,8.45
bestow a gift,0,11,0%,10.36
glass box painting,0,11,0%,10.55
evolved book,0,11,0%,12.64
glass painting shop,0,11,0%,15.45
natures song,0,11,0%,17.09
john lennon painting,0,11,0%,18.36
the tenth man meaning,0,11,0%,18.73
ruth jean,0,11,0%,22.45
3d glass prints,0,11,0%,23
ahava vision,0,11,0%,23.09
glass painted,0,11,0%,24.18
city at peace,0,11,0%,25
3d art work,0,11,0%,25.82
dove with a olive branch,0,11,0%,25.82
hand painted art collections,0,11,0%,26.82
jerry garcia artwork,0,11,0%,37.73
painting of a dove,0,11,0%,37.82
jean print,0,11,0%,42.55
3d window wall art,0,11,0%,43.45
3d art photos,0,11,0%,44.09
naturesong,0,11,0%,44.82
3d painting on the wall,0,11,0%,45.91
wall painting 3d,0,11,0%,46.45
3d artist website,0,11,0%,47.64
giraffes hearts,0,11,0%,54.09
$79 usd,0,11,0%,62.27
kotel pictures,0,11,0%,65.82
painting glassware,0,11,0%,70.36
hand painting glass,0,11,0%,71.82
painting the tree of life,0,11,0%,74.45
lori jean glass,0,11,0%,76.27
picture of kotel,0,11,0%,76.45
moonlight glass,0,11,0%,78.36
glass art photos,0,11,0%,86
3d art on the wall,0,11,0%,89.45
the tree of life streaming,0,11,0%,89.64
pictures painted on glass,0,10,0%,4.4
picasso art&coffee,0,10,0%,5
jean pierre store,0,10,0%,6.9
pierre well,0,10,0%,7.7
road runner painting pros,0,10,0%,10.3
pigeon with olive branch,0,10,0%,13.1
3dx art,0,10,0%,13.2
jitterbug jean,0,10,0%,15.8
incline towards,0,10,0%,18.1
jean audrey,0,10,0%,21.4
jean tree,0,10,0%,22.9
sailing from byzantium,0,10,0%,23.1
flowers balcony,0,10,0%,24.1
picasso grill,0,10,0%,24.9
art jean,0,10,0%,25.8
new york jazz,0,10,0%,26.2
dove on branch,0,10,0%,27.1
albert weill,0,10,0%,28.7
3d crystal art,0,10,0%,34.6
paris morning bakery menu,0,10,0%,36.7
the beatles studio,0,10,0%,36.7
jitterbug steps,0,10,0%,36.9
3d art a,0,10,0%,37.7
dove and the olive branch,0,10,0%,38.7
mini jean,0,10,0%,40.2
3d sculpture painting,0,10,0%,40.3
jean pierre grobglas,0,10,0%,46.5
glass painting in glass,0,10,0%,53.3
is jean pierre married,0,10,0%,55.1
framing 3d art,0,10,0%,55.7
venice the city of love,0,10,0%,55.7
three d painting,0,10,0%,57.9
art glass pictures,0,10,0%,58.2
studio marley,0,10,0%,59.2
the 10th man rule,0,10,0%,59.4
framed glass painting,0,10,0%,60.4
art glass paint,0,10,0%,62.6
abstract art glass,0,10,0%,66.2
collection weill,0,10,0%,66.4
glass framed painting,0,10,0%,68.2
what is the jitterbug dance,0,10,0%,71.8
moonlight dancers,0,10,0%,75.1
tree life painting,0,10,0%,79.3
3d painting bilder,0,10,0%,85.7
pastel 54,0,9,0%,1
how many hearts does a giraffe have,0,9,0%,2.22
girrafe heart,0,9,0%,2.78
ahava,0,9,0%,5.11
two giraffes making a heart,0,9,0%,7.56
soul train drawing,0,9,0%,8.44
floral balcony,0,9,0%,8.78
kotel artwork,0,9,0%,9.22
rendezvous painting,0,9,0%,9.78
mesora,0,9,0%,10.11
ballon over paris,0,9,0%,10.33
look at this painting. this painting was created in:,0,9,0%,10.44
pierre 3d,0,9,0%,10.89
famous 3d paintings,0,9,0%,11.44
time flies art,0,9,0%,12
cafeteria picasso,0,9,0%,13
parisi studios paypal,0,9,0%,13.44
white dove carrying olive branch,0,9,0%,14.44
i take manhattan,0,9,0%,15.67
picasso cafè,0,9,0%,15.89
i will take manhattan,0,9,0%,17.11
summer's friend,0,9,0%,21.56
pierre the bear,0,9,0%,22
mini glass painting,0,9,0%,22.89
balcony painting,0,9,0%,24
superhero f,0,9,0%,24.67
john jean,0,9,0%,25.78
dancing on the edge book,0,9,0%,26.11
glassy art,0,9,0%,28.22
albert jean,0,9,0%,29.78
the tenth man book,0,9,0%,31.11
picasso woman in the mirror,0,9,0%,37.78
café de picasso,0,9,0%,39.22
flowers for balcony,0,9,0%,39.89
paintings tree of life,0,9,0%,40.44
karine jean-pierre naked,0,9,0%,43.33
cafe le fleurs,0,9,0%,43.44
vitreograph,0,9,0%,44.22
dove carrying olive branch,0,9,0%,45.67
glass art,0,9,0%,46.22
jitter bug dance,0,9,0%,46.67
pierre collection,0,9,0%,47.67
moonlight dancing,0,9,0%,48.22
shipping painting,0,9,0%,48.22
3d painting in wall,0,9,0%,48.33
pierre penguin,0,9,0%,51.22
3d hand artwork,0,9,0%,51.56
3d tree of life,0,9,0%,52.33
jean products,0,9,0%,54
water pierre,0,9,0%,54.22
nature glass painting,0,9,0%,55.67
wall paintings 3d,0,9,0%,55.78
petite art,0,9,0%,57.67
dove holding an olive branch,0,9,0%,62.11
3 dimensional paint,0,9,0%,62.89
images for glass painting,0,9,0%,67.22
japanese glass painting,0,9,0%,67.56
holy wall,0,9,0%,69.67
glass mural,0,9,0%,71.33
painting on glassware,0,9,0%,72.56
art in 3d,0,9,0%,75.89
painting onto glass,0,9,0%,77.22
3d images art,0,9,0%,77.78
small artwork,0,9,0%,79
glass picture 3d,0,9,0%,84.11
tree of life streaming,0,9,0%,85.78
3d artwork wall,0,9,0%,94.11
love artwork,0,9,0%,94.67
fleurs painting,0,8,0%,1
is rachel actually buried in rachel's tomb?,0,8,0%,1
janis jaffa,0,8,0%,1
jerry garcia 53,0,8,0%,1
paris in the the spring triangle,0,8,0%,1
j.garcia,0,8,0%,2.75
aleph art,0,8,0%,3.12
shape of my heart significado,0,8,0%,5.38
love glass painting,0,8,0%,5.5
jaffa studios,0,8,0%,5.75
the mysterious one,0,8,0%,6.62
glass on painting,0,8,0%,6.75
superhero medicine,0,8,0%,7
envolve book,0,8,0%,7.62
deer the moon and the stars,0,8,0%,8.25
a 3d artwork,0,8,0%,8.75
heart giraffe,0,8,0%,9
glass portrait art,0,8,0%,9.5
tenth man israel,0,8,0%,10.12
jean pierre book,0,8,0%,10.5
balcony design flowers,0,8,0%,11.25
3d love art,0,8,0%,11.5
jean pierre cafe,0,8,0%,11.5
"3d painting, wall",0,8,0%,11.88
serenade jean,0,8,0%,13.88
mazals,0,8,0%,14.38
size of a giraffe heart,0,8,0%,15.62
shape my heart,0,8,0%,17.38
i'll take manhatten,0,8,0%,19.62
jean well,0,8,0%,20.25
summers friend,0,8,0%,21
dancin on the edge,0,8,0%,24
studio jean pierre,0,8,0%,25.5
jean love,0,8,0%,25.75
the shape of my heart book,0,8,0%,25.88
glass painting photos,0,8,0%,26.38
dancing on edge,0,8,0%,26.88
honey pierre,0,8,0%,29.38
summer and friends,0,8,0%,29.38
jp portraits,0,8,0%,29.75
paintings to gift,0,8,0%,30.75
peace in the city,0,8,0%,32.38
pierres printing,0,8,0%,32.5
images of 3d art,0,8,0%,34.25
pierre art,0,8,0%,34.62
pictures of 3d art,0,8,0%,34.88
audrey jean,0,8,0%,36
15900 eur to usd,0,8,0%,36.25
wall painting for studio,0,8,0%,41.62
15900 usd to cad,0,8,0%,42.12
dancing on the edge of the hollywood sign,0,8,0%,46
jean new york,0,8,0%,49.5
pierre cafe,0,8,0%,49.5
roadrunner painting,0,8,0%,50.62
what is jitterbug,0,8,0%,53.62
window pane artwork,0,8,0%,59.12
the glass house lori jean glass,0,8,0%,60
painting of the tree of life,0,8,0%,60.5
glass pane art,0,8,0%,60.88
the tenth man principle,0,8,0%,61.25
3d art gallery,0,8,0%,63.38
images of glass painting,0,8,0%,65.25
the kotel jerusalem,0,8,0%,65.38
3d art studio,0,8,0%,68
jitterbug song,0,8,0%,68.75
olive branch art,0,8,0%,72.38
paint on glass frame,0,8,0%,76.62
tree of life in art,0,8,0%,76.62
glass and art,0,8,0%,77.75
$79 in gbp,0,8,0%,83.25
who painted the tree of life,0,8,0%,85.75
david velleman,0,8,0%,102.38
jerry garvia,0,7,0%,1
picasso woman in mirror,0,7,0%,1
0941 asian paints,0,7,0%,1.14
bear bl,0,7,0%,2.57
beautiful 3d painting,0,7,0%,4.29
whbet,0,7,0%,6.14
3d painted,0,7,0%,6.43
medicine superhero,0,7,0%,6.43
3d painting shop near me,0,7,0%,8.29
shop of my heart,0,7,0%,8.29
glass painted pictures,0,7,0%,8.57
painting of peace,0,7,0%,9.57
painting of kotel,0,7,0%,10.29
page jean pierre,0,7,0%,10.57
3d paint website,0,7,0%,12.57
paintings,0,7,0%,13
painting in 3d,0,7,0%,13.43
what is the city of peace,0,7,0%,13.43
jean pierre forest,0,7,0%,14
beatles design,0,7,0%,14.29
peace of the city,0,7,0%,14.43
jean pierro,0,7,0%,15.43
3d art woman,0,7,0%,15.86
photos for glass painting,0,7,0%,16
grandcollection,0,7,0%,16.43
forest ave,0,7,0%,17.43
colorful kotel painting,0,7,0%,19.29
shape in my heart,0,7,0%,19.71
balloon flight over paris,0,7,0%,19.86
fiddler on the roof gifts,0,7,0%,20.14
rachel’s tomb,0,7,0%,20.29
flowers on the balcony,0,7,0%,21.43
dove with olive leaf,0,7,0%,21.71
flying high – the 3d visual novel,0,7,0%,22
box paintings,0,7,0%,22.14
pierre bet,0,7,0%,22.43
jeanpiere,0,7,0%,24.29
dove and branch,0,7,0%,25.57
the tomb of rachel,0,7,0%,26.57
balloons in paris,0,7,0%,28
balloon paintings,0,7,0%,30.43
3d nature art,0,7,0%,30.86
cave of macpelah,0,7,0%,32.29
dove painting,0,7,0%,32.57
c e a n,0,7,0%,33
the well of,0,7,0%,35.14
realistic dove with olive branch,0,7,0%,35.29
jean pierre coffee,0,7,0%,35.57
painting for glass,0,7,0%,37.29
jean birthday art,0,7,0%,37.57
jazz band art,0,7,0%,38
picture of the kotel,0,7,0%,39.57
jean pi,0,7,0%,39.71
fast paintings,0,7,0%,41.71
jean pierre paul,0,7,0%,43.29
road runner art,0,7,0%,43.57
son of a beach,0,7,0%,45
painting for anniversary,0,7,0%,45.14
i'll take manhattan mini series,0,7,0%,47.29
glass artworks,0,7,0%,49.57
to glass,0,7,0%,49.57
jean pierre alfred,0,7,0%,50
picture in glass 3d,0,7,0%,50
western wall paintings,0,7,0%,50.43
grave of rachel,0,7,0%,52.29
beatles paint,0,7,0%,52.86
black and white 3d art,0,7,0%,53.29
10th man theory,0,7,0%,53.43
picasso cafe photos,0,7,0%,54.43
cranes dancing,0,7,0%,55.86
site:myshopify.com couldn't,0,7,0%,57.43
picture for glass painting,0,7,0%,58.86
jean pierre restaurant,0,7,0%,61.71
what is 3d artwork,0,7,0%,65.14
family studio,0,7,0%,65.57
unique art paintings,0,7,0%,66
return of red riding hood,0,7,0%,66.29
israel paintings,0,7,0%,66.86
boxed canvases,0,7,0%,71.29
grand gallery,0,7,0%,72.14
tree of l,0,7,0%,72.43
how to do 3d painting,0,7,0%,73.14
ride hood,0,7,0%,75.43
wall glass art,0,7,0%,77.14
trees of life,0,7,0%,77.71
red red riding hood,0,7,0%,78
the red riding hood,0,7,0%,81
glass art pictures for wall,0,7,0%,82.14
big red riding hood,0,7,0%,83.71
tree of life tree,0,7,0%,85.86
the riding hood,0,7,0%,91
roofing in pierre,0,7,0%,92.43
jerry garcia at 53,0,6,0%,1
purple hearts tree,0,6,0%,1
jerry garcua,0,6,0%,1.17
red riding hood bl,0,6,0%,1.33
sailing to byzantium text,0,6,0%,2
3d picture painting,0,6,0%,3.67
new glass painting,0,6,0%,5.17
bestow gifts,0,6,0%,6.5
layered painting on glass,0,6,0%,6.5
wheres pablo,0,6,0%,6.67
3d photo painting,0,6,0%,7
childon,0,6,0%,7
three-dimensional paintings,0,6,0%,7.33
onglas,0,6,0%,8
jean pierre garcia,0,6,0%,8.5
dove bird with olive branch,0,6,0%,8.67
happy pinguin,0,6,0%,8.67
dove on a branch,0,6,0%,9.33
picaso cafe,0,6,0%,9.83
pierre avenue,0,6,0%,9.83
painting layered glass art,0,6,0%,10.5
ballooning over paris 1890,0,6,0%,11.5
o'cean,0,6,0%,12.17
dove branch,0,6,0%,12.83
rachels grave,0,6,0%,12.83
آرامگاه راحل,0,6,0%,15.5
famous glass painting artists,0,6,0%,16
jean weille,0,6,0%,17.33
cafe de fleurs happy valley,0,6,0%,17.67
limitless painting,0,6,0%,18
carousel in london,0,6,0%,18.67
jeanpier,0,6,0%,18.83
weill art gallery,0,6,0%,19.83
janpierre,0,6,0%,20.17
what does a jitterbug look like,0,6,0%,22.5
les cafés picasso,0,6,0%,23.17
peace dove olive branch,0,6,0%,23.33
hot air balloons in paris,0,6,0%,23.5
my heart shape,0,6,0%,24.67
flowers in the balcony,0,6,0%,25
morning paris,0,6,0%,25
milk and honey studio,0,6,0%,26.5
cafe d'artiste,0,6,0%,27.83
tenthman,0,6,0%,28.17
painting glas,0,6,0%,28.5
beatles height,0,6,0%,29.33
herod cave,0,6,0%,29.67
well of,0,6,0%,30.83
rachel's tomb location,0,6,0%,31
"cave of machpelah,",0,6,0%,33.67
café de fleurs,0,6,0%,34.33
pierre love gifts,0,6,0%,34.33